<environmentvariabledefinition schemaname="demo_WeatherApiUrl">
  <defaultvalue>https://api.open-meteo.com/v1/forecast</defaultvalue>
  <description default="puede cambiarla si quiere apuntar a otra API">
    <label description="puede cambiarla si quiere apuntar a otra API" languagecode="3082" />
  </description>
  <displayname default="WeatherApiUrl">
    <label description="WeatherApiUrl" languagecode="3082" />
  </displayname>
  <introducedversion>1.0.0.0</introducedversion>
  <iscustomizable>1</iscustomizable>
  <isrequired>0</isrequired>
  <secretstore>0</secretstore>
  <type>100000000</type>
</environmentvariabledefinition>