<environmentvariabledefinition schemaname="demo_MailFolder">
  <defaultvalue>RPA</defaultvalue>
  <description default="carpeta de Outlook donde llegan los correos que disparan el flujo Flujo A">
    <label description="carpeta de Outlook donde llegan los correos que disparan el flujo Flujo A" languagecode="3082" />
  </description>
  <displayname default="MailFolder">
    <label description="MailFolder" languagecode="3082" />
  </displayname>
  <introducedversion>1.0.0.0</introducedversion>
  <iscustomizable>1</iscustomizable>
  <isrequired>0</isrequired>
  <secretstore>0</secretstore>
  <type>100000000</type>
</environmentvariabledefinition>