{
  "properties": {
    "connectionReferences": {
      "shared_sharepointonline": {
        "runtimeSource": "embedded",
        "connection": {
          "connectionReferenceLogicalName": "demo_sharedsharepointonline_97c6f"
        },
        "api": {
          "name": "shared_sharepointonline"
        }
      },
      "shared_office365": {
        "runtimeSource": "embedded",
        "connection": {
          "connectionReferenceLogicalName": "demo_sharedoffice365_e3730"
        },
        "api": {
          "name": "shared_office365"
        }
      }
    },
    "definition": {
      "$schema": "https://schema.management.azure.com/providers/Microsoft.Logic/schemas/2016-06-01/workflowdefinition.json#",
      "contentVersion": "1.0.0.0",
      "parameters": {
        "$connections": {
          "defaultValue": {},
          "type": "Object"
        },
        "$authentication": {
          "defaultValue": {},
          "type": "SecureObject"
        },
        "SiteUrl (demo_SiteUrl)": {
          "defaultValue": "https://cienciadedatosec.sharepoint.com/sites/EquipoCienciadeDatosEcuador",
          "type": "String",
          "metadata": {
            "schemaName": "demo_SiteUrl"
          }
        },
        "MailFolder (demo_MailFolder)": {
          "defaultValue": "RPA",
          "type": "String",
          "metadata": {
            "schemaName": "demo_MailFolder",
            "description": "carpeta de Outlook donde llegan los correos que disparan el flujo Flujo A"
          }
        },
        "ListName (demo_ListName)": {
          "defaultValue": "RequestsQueue",
          "type": "String",
          "metadata": {
            "schemaName": "demo_ListName"
          }
        }
      },
      "triggers": {
        "Cuando_llega_un_nuevo_correo_electrónico_(V3)": {
          "splitOn": "@triggerOutputs()?['body/value']",
          "metadata": {
            "Id::AAMkAGJiNWI1NmJlLTMyZmQtNDU4NS1hNjI2LThkMDcyNWRjMmZkOAAuAAAAAACmK_8-0t76TapTB_F2wvfEAQAVZ3zufIVRRZqa8nIvfwbfAAFDxyUsAAA=": "RPA",
            "operationMetadataId": "dd71be84-c57a-4a74-ba90-97883f1ecea3"
          },
          "type": "OpenApiConnectionNotification",
          "inputs": {
            "host": {
              "connectionName": "shared_office365",
              "operationId": "OnNewEmailV3",
              "apiId": "/providers/Microsoft.PowerApps/apis/shared_office365"
            },
            "parameters": {
              "folderPath": "@parameters('MailFolder (demo_MailFolder)')"
            },
            "authentication": "@parameters('$authentication')"
          }
        }
      },
      "actions": {
        "Crear_elemento": {
          "runAfter": {
            "Obtener_correo_electrónico_(V2)": [
              "Succeeded"
            ]
          },
          "metadata": {
            "operationMetadataId": "ff073d6d-9947-4284-a9d9-a15459d9f60e"
          },
          "type": "OpenApiConnection",
          "inputs": {
            "host": {
              "connectionName": "shared_sharepointonline",
              "operationId": "PostItem",
              "apiId": "/providers/Microsoft.PowerApps/apis/shared_sharepointonline"
            },
            "parameters": {
              "dataset": "@parameters('SiteUrl (demo_SiteUrl)')",
              "table": "@parameters('ListName (demo_ListName)')",
              "item/Title": "@outputs('Obtener_correo_electrónico_(V2)')?['body/subject']",
              "item/Estado/Value": "Pendiente",
              "item/Prioridad": 1,
              "item/Intentos": 0,
              "item/Origen": "Email",
              "item/Detalles": "@triggerOutputs()?['body/from']"
            },
            "authentication": "@parameters('$authentication')"
          }
        },
        "Obtener_correo_electrónico_(V2)": {
          "runAfter": {},
          "metadata": {
            "operationMetadataId": "1fd0d273-8cf4-4aa8-8c5f-4f6f184237c0"
          },
          "type": "OpenApiConnection",
          "inputs": {
            "host": {
              "connectionName": "shared_office365",
              "operationId": "GetEmailV2",
              "apiId": "/providers/Microsoft.PowerApps/apis/shared_office365"
            },
            "parameters": {
              "messageId": "@triggerOutputs()?['body/id']",
              "includeAttachments": false
            },
            "authentication": "@parameters('$authentication')"
          }
        }
      },
      "outputs": {}
    },
    "templateName": ""
  },
  "schemaVersion": "1.0.0.0"
}