{
  "properties": {
    "connectionReferences": {
      "shared_sharepointonline": {
        "runtimeSource": "embedded",
        "connection": {
          "connectionReferenceLogicalName": "demo_sharedsharepointonline_97c6f"
        },
        "api": {
          "name": "shared_sharepointonline"
        }
      }
    },
    "definition": {
      "$schema": "https://schema.management.azure.com/providers/Microsoft.Logic/schemas/2016-06-01/workflowdefinition.json#",
      "contentVersion": "undefined",
      "parameters": {
        "$connections": {
          "defaultValue": {},
          "type": "Object"
        },
        "$authentication": {
          "defaultValue": {},
          "type": "SecureObject"
        },
        "SiteUrl (demo_SiteUrl)": {
          "defaultValue": "https://cienciadedatosec.sharepoint.com/sites/EquipoCienciadeDatosEcuador",
          "type": "String",
          "metadata": {
            "schemaName": "demo_SiteUrl"
          }
        },
        "ListName (demo_ListName)": {
          "defaultValue": "RequestsQueue",
          "type": "String",
          "metadata": {
            "schemaName": "demo_ListName"
          }
        },
        "WeatherApiUrl (demo_WeatherApiUrl)": {
          "defaultValue": "https://api.open-meteo.com/v1/forecast",
          "type": "String",
          "metadata": {
            "schemaName": "demo_WeatherApiUrl",
            "description": "puede cambiarla si quiere apuntar a otra API"
          }
        }
      },
      "triggers": {
        "Recurrence": {
          "recurrence": {
            "frequency": "Minute",
            "interval": 1,
            "timeZone": "SA Pacific Standard Time",
            "startTime": "2025-09-01T19:00:00"
          },
          "metadata": {
            "operationMetadataId": "0dc980a1-1792-4176-886a-db2b42b1a977"
          },
          "type": "Recurrence",
          "runtimeConfiguration": {
            "concurrency": {
              "runs": 1
            }
          }
        }
      },
      "actions": {
        "Obtener_elementos": {
          "runAfter": {},
          "metadata": {
            "operationMetadataId": "847350f3-1357-47a4-953f-373213f2d782"
          },
          "type": "OpenApiConnection",
          "inputs": {
            "host": {
              "connectionName": "shared_sharepointonline",
              "operationId": "GetItems",
              "apiId": "/providers/Microsoft.PowerApps/apis/shared_sharepointonline"
            },
            "parameters": {
              "dataset": "@parameters('SiteUrl (demo_SiteUrl)')",
              "table": "@parameters('ListName (demo_ListName)')",
              "$filter": "Estado eq 'Pendiente'\n",
              "$orderby": "Prioridad desc, Created asc\n",
              "$top": 1
            },
            "authentication": "@parameters('$authentication')"
          }
        },
        "Condición": {
          "actions": {
            "PrimerElemento": {
              "runAfter": {},
              "metadata": {
                "operationMetadataId": "0eca838f-b467-44b3-b72e-da7419168651"
              },
              "type": "Compose",
              "inputs": "@first(body('Obtener_elementos')?['value'])\r\n"
            },
            "ItemId": {
              "runAfter": {
                "PrimerElemento": [
                  "Succeeded"
                ]
              },
              "metadata": {
                "operationMetadataId": "d247064a-744d-4319-b744-bb325e504db0"
              },
              "type": "Compose",
              "inputs": "@outputs('PrimerElemento')?['ID']\r\n"
            },
            "Actualizar_elemento": {
              "runAfter": {
                "ItemId": [
                  "Succeeded"
                ]
              },
              "metadata": {
                "operationMetadataId": "7a811ad4-50d0-41fb-a536-825306a30073"
              },
              "type": "OpenApiConnection",
              "inputs": {
                "host": {
                  "connectionName": "shared_sharepointonline",
                  "operationId": "PatchItem",
                  "apiId": "/providers/Microsoft.PowerApps/apis/shared_sharepointonline"
                },
                "parameters": {
                  "dataset": "@parameters('SiteUrl (demo_SiteUrl)')",
                  "table": "@parameters('ListName (demo_ListName)')",
                  "id": "@outputs('ItemId')",
                  "item/Estado/Value": "En progreso",
                  "item/Prioridad": 1,
                  "item/Intentos": "@add(coalesce(outputs('PrimerElemento')?['Intentos'], 0), 1)\r\n",
                  "item/BloqueadoPor": "@workflow()['tags']['flowDisplayName']\r\n"
                },
                "authentication": "@parameters('$authentication')"
              }
            },
            "HTTP": {
              "runAfter": {
                "Actualizar_elemento": [
                  "Succeeded"
                ]
              },
              "metadata": {
                "operationMetadataId": "dbe2612b-8462-41ec-bf04-1d0d5565031c"
              },
              "type": "Http",
              "inputs": {
                "method": "GET",
                "uri": "@parameters('WeatherApiUrl (demo_WeatherApiUrl)')",
                "queries": {
                  "latitude": "-0.19",
                  "longitude": "-78.5",
                  "current_weather": "true"
                }
              },
              "runtimeConfiguration": {
                "contentTransfer": {
                  "transferMode": "Chunked"
                }
              }
            },
            "Análisis_del_archivo_JSON": {
              "runAfter": {
                "HTTP": [
                  "Succeeded"
                ]
              },
              "metadata": {
                "operationMetadataId": "7e3d99b9-ea28-49f1-bee9-3dd834dae9ee"
              },
              "type": "ParseJson",
              "inputs": {
                "content": "@body('HTTP')",
                "schema": {
                  "type": "object",
                  "properties": {
                    "latitude": {
                      "type": "number"
                    },
                    "longitude": {
                      "type": "number"
                    },
                    "current_weather": {
                      "type": "object",
                      "properties": {
                        "temperature": {
                          "type": "number"
                        },
                        "windspeed": {
                          "type": "number"
                        },
                        "time": {
                          "type": "string"
                        }
                      }
                    }
                  }
                }
              }
            },
            "Actualizacion-Hecho": {
              "runAfter": {
                "Análisis_del_archivo_JSON": [
                  "Succeeded"
                ]
              },
              "metadata": {
                "operationMetadataId": "db4c816d-9679-4785-a489-f731b76f7aac"
              },
              "type": "OpenApiConnection",
              "inputs": {
                "host": {
                  "connectionName": "shared_sharepointonline",
                  "operationId": "PatchItem",
                  "apiId": "/providers/Microsoft.PowerApps/apis/shared_sharepointonline"
                },
                "parameters": {
                  "dataset": "@parameters('SiteUrl (demo_SiteUrl)')",
                  "table": "@parameters('ListName (demo_ListName)')",
                  "id": "@outputs('ItemId')\r\n",
                  "item/Estado/Value": "Culminado",
                  "item/Prioridad": "@coalesce(outputs('PrimerElemento')?['Prioridad'], 1)\r\n",
                  "item/Intentos": "@add(coalesce(outputs('PrimerElemento')?['Intentos'], 0), 1)\r\n",
                  "item/Resultado": "@{body('Análisis_del_archivo_JSON')?['current_weather']?['time']}@{body('Análisis_del_archivo_JSON')?['current_weather']?['temperature']}@{body('Análisis_del_archivo_JSON')?['current_weather']?['windspeed']}"
                },
                "authentication": "@parameters('$authentication')"
              }
            },
            "Condición_1": {
              "actions": {
                "Reencolacion": {
                  "runAfter": {},
                  "metadata": {
                    "operationMetadataId": "540ed2db-47de-4be7-bc5b-f9e97c617208"
                  },
                  "type": "OpenApiConnection",
                  "inputs": {
                    "host": {
                      "connectionName": "shared_sharepointonline",
                      "operationId": "PatchItem",
                      "apiId": "/providers/Microsoft.PowerApps/apis/shared_sharepointonline"
                    },
                    "parameters": {
                      "dataset": "@parameters('SiteUrl (demo_SiteUrl)')",
                      "table": "@parameters('ListName (demo_ListName)')",
                      "id": "@outputs('ItemId')",
                      "item/Estado/Value": "Pendiente",
                      "item/Prioridad": "@coalesce(outputs('PrimerElemento')?['Prioridad'], 1)",
                      "item/Intentos": "@add(coalesce(outputs('PrimerElemento')?['Intentos'], 0), 1)",
                      "item/Detalles": "@concat('Reintento #', string(outputs('PrimerElemento')?['Intentos']))\r\n"
                    },
                    "authentication": "@parameters('$authentication')"
                  }
                }
              },
              "runAfter": {
                "Actualizacion-Hecho": [
                  "TimedOut",
                  "Skipped",
                  "Failed"
                ]
              },
              "else": {
                "actions": {
                  "Actualización_a_Error_": {
                    "runAfter": {},
                    "metadata": {
                      "operationMetadataId": "05b2ee47-4ce1-44ec-b1b7-29c635de1c4f"
                    },
                    "type": "OpenApiConnection",
                    "inputs": {
                      "host": {
                        "connectionName": "shared_sharepointonline",
                        "operationId": "PatchItem",
                        "apiId": "/providers/Microsoft.PowerApps/apis/shared_sharepointonline"
                      },
                      "parameters": {
                        "dataset": "@parameters('SiteUrl (demo_SiteUrl)')",
                        "table": "@parameters('ListName (demo_ListName)')",
                        "id": "@outputs('ItemId')",
                        "item/Estado/Value": "Fallido",
                        "item/Prioridad": "@coalesce(outputs('PrimerElemento')?['Prioridad'], 1)",
                        "item/Intentos": "@add(coalesce(outputs('PrimerElemento')?['Intentos'], 0), 1)",
                        "item/Detalles": "@coalesce(outputs('HTTP')?['statusCode'], 'sin status')"
                      },
                      "authentication": "@parameters('$authentication')"
                    }
                  }
                }
              },
              "expression": {
                "and": [
                  {
                    "equals": [
                      "@less(outputs('PrimerElemento')?['Intentos'], 3)\r\n",
                      ""
                    ]
                  }
                ]
              },
              "metadata": {
                "operationMetadataId": "efc9b9fd-a0f0-4de5-8009-4bef4c6f02d8"
              },
              "type": "If"
            }
          },
          "runAfter": {
            "Obtener_elementos": [
              "Succeeded"
            ]
          },
          "expression": {
            "and": [
              {
                "greater": [
                  "@length(body('Obtener_elementos')?['value'])",
                  0
                ]
              }
            ]
          },
          "metadata": {
            "operationMetadataId": "cdcc1fcf-945b-4329-8c35-baaf71341495"
          },
          "type": "If"
        }
      }
    },
    "templateName": ""
  },
  "schemaVersion": "1.0.0.0"
}